Floor & Decor,4.4,14,Flooring store,"768 Iyannough Rd, Hyannis, MA 02601",Located in: Capetown Plaza,Closed ⋅ Opens 7AMSee more hours,flooranddecor.com,"MPC4+38 Hyannis, Barnstable, MA",(508) 827-3043
Dier Wood Floors,5.0,2,Flooring contractor,"24e Kennebec Ave, Oak Bluffs, MA 02557",Located in: Basics Clothing Company,N/A,dierwoodfloors.com,"FC4R+CV Oak Bluffs, Massachusetts",(917) 843-2528
Ideal Floor Covering Inc,4.6,64,Flooring store,"882 Main St, Falmouth, MA 02540",N/A,N/A,idealfloor.com,"H94X+6Q Falmouth, Massachusetts",(508) 540-3320
Cardenas Hardwood Floors LLC,5.0,19,Wood floor refinishing service,"New Bedford, MA 02744",N/A,N/A,N/A,"J35P+R5 New Bedford, Massachusetts",(401) 428-9921
JR Hardwood Supplies,4.8,16,Flooring store,"112 Davis Straits, Falmouth, MA 02540",N/A,N/A,N/A,"HC62+82 Falmouth, Massachusetts",(508) 524-8957
A1 Martha's Vineyard Hardwood,1.0,N/A,Flooring store,"21 Evelyn Way, Vineyard Haven, MA 02568",N/A,N/A,N/A,"C9XP+6R Vineyard Haven, Tisbury, MA",(508) 693-2838
Cape Cod Hardwood Floors since 1988,5.0,23,Wood floor refinishing service,"508 Carriage Shop Rd, East Falmouth, MA 02536",N/A,N/A,N/A,"JFQ6+3Q East Falmouth, Falmouth, MA",(508) 364-1650
Dawley Flooring & Tile,5.0,2,Flooring contractor,"101 Tradewinds Rd, Vineyard Haven, MA 02568",N/A,N/A,flooringmvy.com,"CCVG+8P Vineyard Haven, Tisbury, MA",(508) 274-5709
Carpet Barn Carpet One Floor & Home,4.7,58,Flooring store,"719 Main St, Falmouth, MA 02540",N/A,N/A,carpetbarncarpetonefalmouth.com,"H93W+5H Falmouth, Massachusetts",(508) 296-8189
Floor Coverings International of Cape Cod,4.9,169,Flooring store,"802 MacArthur Blvd Suite 201, Pocasset, MA 02559",N/A,N/A,floorcoveringsinternational.com,"MCQ5+7C Pocasset, Bourne, MA",(774) 205-3091
Parker Carpet,5.0,20,Carpet store,"22 Merchants Ct, Vineyard Haven, MA 02568",N/A,N/A,parkercarpet.com,"C9WM+RW Vineyard Haven, Tisbury, MA",(508) 693-7405
Silva's Hardwood Floors,5.0,2,Wood floor refinishing service,"129 Wood St, New Bedford, MA 02745",N/A,N/A,N/A,"M3HH+8F New Bedford, Massachusetts",(508) 995-4902
Cape Epoxy,4.9,32,Flooring contractor,"302 Acapesket Rd, East Falmouth, MA 02536",N/A,N/A,capeepoxy.com,"HC7H+3Q East Falmouth, Falmouth, MA",(508) 548-5257
A Jay & Son Hardwood Floors,5.0,2,Flooring store,"143 Fresh Pond Rd, East Falmouth, MA 02536",N/A,N/A,N/A,"HFP8+W7 East Falmouth, Falmouth, MA",(508) 274-8163
Morency Floors,4.8,25,Flooring store,"1440 Purchase St, New Bedford, MA 02740",N/A,N/A,morencyflooring.com,"J3VC+XX New Bedford, Massachusetts",(508) 994-3111
Wood Star Flooring Inc.,5.0,73,Flooring contractor,"62 Gleneagle Dr, Centerville, MA 02632",N/A,N/A,woodstarinc.com,"MJ8W+G5 Centerville, Barnstable, MA",(617) 794-9966
Romy Richard & Son Wood Floors,5.0,2,Contractor,"443 Prescott St, New Bedford, MA 02745",N/A,N/A,N/A,"M3M6+XM New Bedford, Massachusetts",(508) 995-1539
Steve Nutter and Son Cabinetry & Specialty Flooring,5.0,3,Flooring contractor,"14 Terrance Ave, East Falmouth, MA 02536",N/A,N/A,N/A,"HCMR+HG East Falmouth, Falmouth, MA",(508) 566-0686
Cf wood floor,5.0,3,Wood floor refinishing service,"350 Braggs Ln, Barnstable, MA 02630",N/A,N/A,cfwoodfloor.com,"MPR2+M7 Barnstable, Massachusetts",(774) 238-2120
Johnson Hardwood and Epoxy,4.7,26,Floor refinishing service,"40 Milford St, New Bedford, MA 02745",N/A,N/A,johnsonhardwoodandepoxy.com,"M3F8+M8 New Bedford, Massachusetts",(508) 965-4212
Flooring Wizards,5.0,79,Flooring contractor,"248 Old Main St #1, South Yarmouth, MA 02664",N/A,N/A,flooringwizards.com,"MR76+M4 South Yarmouth, Yarmouth, MA",(774) 368-3134
Edgartown Flooring,5.0,N/A,Flooring store,"223 Upper Main St, Edgartown, MA 02539",N/A,N/A,edgartownflooring.com,"9FVG+38 Edgartown, Massachusetts",(508) 932-6235
Karpet Kare Co,4.2,13,Flooring store,"455 State Rd, Vineyard Haven, MA 02568",N/A,N/A,karpetkaremvi.com,"C9WM+C2 Vineyard Haven, Tisbury, MA",(508) 693-9462
W.H. Russell,N/A,N/A,Flooring contractor,"61 Canterbury Ln, Vineyard Haven, MA 02568",N/A,N/A,N/A,"C9RQ+P9 Vineyard Haven, Tisbury, MA",(508) 693-3180
Wood Star Flooring - Mashpee,5.0,11,Wood floor refinishing service,"2 Windsor Way, Mashpee, MA 02649",N/A,N/A,woodstarinc.com,"MG2M+W7 Mashpee, Massachusetts",(774) 470-7008
"New Bedford Tile & Carpet, Inc.",5.0,5,Flooring store,"6 McCabe St, South Dartmouth, MA 02748",N/A,N/A,newbedfordtilecarpet.com,"J385+FH South Dartmouth, Dartmouth, MA",(508) 998-3695
Millennium flooring,5.0,64,Flooring contractor,"29 Anchorage Ln, West Yarmouth, MA 02673",N/A,N/A,mfloors.org,"JQQ8+99 West Yarmouth, Yarmouth, MA",(774) 327-7003
LL Flooring,4.8,31,Flooring store,"76 Shops at 5 Way, Plymouth, MA 02360",N/A,N/A,llflooring.com,"W8HX+MC Plymouth, Massachusetts",(508) 927-1138
Proline Covering,5.0,39,Flooring contractor,"49 Crooked Pond Rd, Hyannis, MA 02601",N/A,N/A,prolinecovering.com,"MP33+J9 Hyannis, Barnstable, MA",(774) 251-1586
"Award Flooring, Inc",4.8,19,Carpet store,"270 Main St, Buzzards Bay, MA 02532",N/A,N/A,awardflooring.net,"QC22+44 Buzzards Bay, Bourne, MA",(508) 759-9222
Scherrer Hardwood Floors,4.8,17,Flooring contractor,"72 Bassett Ln, Dennis Port, MA 02639",N/A,N/A,scherrer-hardwood-floors.com,"MV86+5W Dennis Port, Dennis, MA",(508) 360-3127
Floor & Decor,4.4,14,Flooring store,"768 Iyannough Rd, Hyannis, MA 02601",Located in: Capetown Plaza,Closed ⋅ Opens 7AMSee more hours,flooranddecor.com,"MPC4+38 Hyannis, Barnstable, MA",(508) 827-3043
South Coast Flooring,5.0,6,Flooring store,"111 Forge Rd, Westport, MA 02790",N/A,N/A,southcoastflooringinc.com,"JWQW+76 Westport, Massachusetts",(508) 536-3242
Regal Floor Covering,4.4,18,Flooring store,"2137 S Main St, Fall River, MA 02724",N/A,N/A,regalfloor.com,"MRHC+P9 Fall River, Massachusetts",(508) 679-6401
Ideal Floor & Design,4.5,212,Flooring store,"316 Iyannough Rd, Hyannis, MA 02601",N/A,N/A,idealfloor.com,"MP79+3P Hyannis, Barnstable, MA",(508) 418-3216
Love for Flooring,5.0,N/A,Flooring contractor,"56 Craigville beach rd Hyannis, Hyannis, MA 02601",N/A,N/A,houzz.com,"JMQV+44 Hyannis, Barnstable, MA",(508) 737-1602
LL Flooring,3.7,31,Flooring store,"20 Charles St, Hyannis, MA 02601",N/A,N/A,llflooring.com,"MP48+R3 Hyannis, Barnstable, MA",(508) 815-4121
Cataumet Sawmill,4.6,17,Flooring store,"494 Thomas B Landers Rd, East Falmouth, MA 02536",N/A,N/A,cataumetsawmill.com,"J97X+QQ East Falmouth, Falmouth, MA",(508) 598-8576
Jose Vazquez Hardwood Floors,5.0,6,Wood floor refinishing service,"31 Cambridge Dr, Mashpee, MA 02649",N/A,N/A,N/A,"MG7J+C5 Mashpee, Massachusetts",(774) 526-0628
Happy Floors Inc,4.6,34,Floor refinishing service,"182 Old Town House Rd, West Yarmouth, MA 02673",N/A,N/A,newfloorsinc.com,"MQMJ+V4 West Yarmouth, Yarmouth, MA",(855) 844-2779
F L Hardwood Floors,5.0,4,Flooring store,"84 Nottingham Dr, Centerville, MA 02632",N/A,N/A,N/A,"MJFM+38 Centerville, Barnstable, MA",(508) 420-6245
Ace Hardwood Floors,5.0,N/A,Flooring store,"350 Main St, Hyannis, MA 02601",N/A,N/A,N/A,"MP38+CV Hyannis, Barnstable, MA",(508) 776-5336
A Plus Flooring Solutions,4.4,16,Flooring store,"206 Barnstable Rd, Hyannis, MA 02601",N/A,N/A,aplusflooringsolutions.com,"MP58+G7 Hyannis, Barnstable, MA",(508) 771-4290
T Le Blanc & Sons,5.0,N/A,Flooring store,"509 Highland Ave North, Dartmouth, MA 02747",N/A,N/A,N/A,"MW8P+FX Dartmouth, Massachusetts",(508) 995-6221
Bianchis Tile & Marble,3.0,8,Tile store,"162 Sandwich Rd, Teaticket, MA 02536",N/A,N/A,N/A,"HCH4+2H Teaticket, Falmouth, MA",(508) 548-6389
Peck's Flooring America,4.9,39,Flooring store,"6 Main St, Kingston, MA 02364",N/A,N/A,pecksflooring-america.com,"X8J3+F9 Kingston, Massachusetts",(339) 309-1158
Mid-Cape Home Centers,4.5,39,Lumber store,"81 Locust St, Falmouth, MA 02540",N/A,N/A,midcape.com,"H93G+94 Falmouth, Massachusetts",(508) 548-3154
Jeff Ollivierre's Carpets,4.7,14,Carpet store,"59 Cove Rd, Dartmouth, MA 02748",N/A,N/A,jeffollivierrescarpets.com,"J356+WJ Dartmouth, Massachusetts",(508) 999-2237
TileCraft,4.2,17,Flooring store,"21 Arsene Way, Fairhaven, MA 02719",N/A,N/A,tilecraftpro.com,"J4RF+C6 Fairhaven, Massachusetts",(508) 999-0988
Robert Brown & Son Hardwood Flooring,5.0,3,Wood floor installation service,"41 Station St, Pembroke, MA 02359",N/A,N/A,N/A,"26F9+P4 Pembroke, Massachusetts",(781) 837-9356
Melo's Wood Flooring,4.2,5,Flooring contractor,"630 Pleasant St, Somerset, MA 02726",N/A,N/A,N/A,"QVMG+24 Somerset, Massachusetts",(508) 977-9948
Belanger & Son's Floor Srfcng,4.3,3,Flooring store,"179 Tickle Rd, Westport, MA 02790",N/A,N/A,N/A,"JVRG+7C Westport, Massachusetts",(508) 678-0748
H2o Kitchen & Bath Design Center,4.7,13,Bathroom remodeler,"79 Davis Straits Unit A, Falmouth, MA 02540",N/A,N/A,h2obathtilemore.com,"HC52+M8 Falmouth, Massachusetts",(508) 548-8453
The Original Floors,5.0,6,Flooring contractor,"102 Iyannough Rd 28 Office 16, Barnstable, MA 02601",N/A,N/A,theoriginalfloor.com,"MP5G+PG Barnstable, Massachusetts",(508) 360-7548
Abbey Carpet & Floor - Pembroke,4.8,37,Flooring store,"100 Corporate Park Dr # 1740, Pembroke, MA 02359",N/A,N/A,pembroke.abbeycarpet.com,"36XJ+X5 Pembroke, Massachusetts",(781) 337-4800
Duarte Hardwood Floors,3.0,2,Floor refinishing service,"73 Overlook Dr, Centerville, MA 02632",N/A,N/A,N/A,"JJXR+7X Centerville, Barnstable, MA",(508) 428-0105
Mac Davis Flooring,4.9,29,Flooring store,"832 Main St, Osterville, MA 02655",N/A,N/A,macdavisflooring.com,"JJH7+9P Osterville, Barnstable, MA",(774) 521-3601
Diamond Flooring (Floor Installation and Refinishing Services),5.0,N/A,Wood floor installation service,"100 Glenneagle Dr, Mashpee, MA 02649",N/A,N/A,diamondflooringma.com,"HG9F+39 Mashpee, Massachusetts",(617) 653-9312
Cloutier Supply Company,4.4,27,Flooring contractor,"445 W Main St, Hyannis, MA 02601",N/A,N/A,cloutiersupply.com,"JMXP+QQ Hyannis, Barnstable, MA",(508) 775-6100
"E.C. Cottle, Inc.",4.5,47,Lumber store,"256 Lamberts Cove Rd, Vineyard Haven, MA 02568",N/A,N/A,eccottle.com,"C8RM+WM Vineyard Haven, Tisbury, MA",(508) 693-1385
FAB Flooring INC,4.3,11,Flooring store,"1068 Slade St, Fall River, MA 02724",Located in: KAM Realty,N/A,fabflooring.net,"MRMM+P6 Fall River, Massachusetts",(508) 617-4120
LaCava Flooring,4.2,13,Flooring contractor,"22 Cromesett Rd, Wareham, MA 02571",N/A,N/A,N/A,"P7X8+42 Wareham, Massachusetts",(781) 724-6227
New Floors Inc,4.3,6,Floor refinishing service,"182 Old Town House Rd, West Yarmouth, MA 02673",N/A,N/A,newfloorsinc.com,"MQMJ+V4 West Yarmouth, Yarmouth, MA",(508) 681-5862
Davies Hardwood Floors,5.0,N/A,Flooring contractor,"10 Smalls Ave, Dennis Port, MA 02639",N/A,N/A,N/A,"MV7H+W2 Dennis Port, Dennis, MA",(508) 398-3453
Vineyard Home Center,4.4,25,Window supplier,"454 State Rd, Vineyard Haven, MA 02568",N/A,N/A,vineyardhomecenter.com,"C9WM+23 Vineyard Haven, Tisbury, MA",(508) 693-3227
The Tile Girl Flooring,5.0,8,Flooring contractor,"125A Faunce Corner Rd, North Dartmouth, MA 02747",N/A,N/A,thetilegirlflooring.com,"J2X7+P4 North Dartmouth, Dartmouth, MA",(774) 255-7410
Falmouth Lumber Design Center,4.4,9,Lumber store,"748 Teaticket Hwy E, Teaticket, MA 02536",N/A,N/A,falmouthlumber.com,"HCG9+7C Teaticket, Falmouth, MA",(508) 548-3227
Selection Floors,4.9,15,Flooring store,"800 Falmouth Rd, Mashpee, MA 02649",Located in: Summerfield Park,N/A,selectionfloors.com,"JG33+HV Mashpee, Massachusetts",(508) 477-4080
ARD Tile Carpet & Vinyl Co Inc.,5.0,N/A,Carpet store,"1609 Acushnet Ave, New Bedford, MA 02746",N/A,N/A,N/A,"M37C+PF New Bedford, Massachusetts",(508) 996-0332
Cloutier Supply Co,4.6,32,Flooring store,"10 Deerfield Rd, Harwich, MA 02645",N/A,N/A,cloutiersupply.com,"MVRG+52 Harwich, Massachusetts",(508) 398-2136
Westport Flooring,N/A,N/A,Flooring store,"Westport, MA 02790",N/A,N/A,N/A,"MW75+XR Westport, Massachusetts",N/A
Spectrum Tile & Carpet,4.9,119,Flooring store,"455 William S Canning Blvd, Fall River, MA 02721",N/A,N/A,spectrumtileandcarpets.com,"MRCP+JR Fall River, Massachusetts",(508) 837-6022
Creative Ideas and Applications,N/A,N/A,Flooring store,"565 Sconticut Neck Rd, Fairhaven, MA 02719",N/A,N/A,creativeideasllc.net,"J43R+V3 Fairhaven, Massachusetts",(844) 220-3430
Patriot Floor Surfacing Inc,5.0,2,Floor refinishing service,"135 Lepes Rd, Somerset, MA 02726",N/A,N/A,patriotfloorsurfacing.com,"PRJP+6H Somerset, Massachusetts",(508) 675-4140
ABC Floor Covering Co,4.3,9,Carpet store,"753 State Rd, Westport, MA 02790",N/A,N/A,N/A,"MW4G+32 Westport, Massachusetts",(508) 673-9970
Robert Brown Hardwood Flooring,5.0,N/A,Flooring store,"6 Queens Guard Waye, Marshfield, MA 02050",N/A,N/A,N/A,N/A,(781) 834-9356
Baker's Flooring Designs LLC,5.0,3,Flooring store,"38 N Main St, Carver, MA 02330",N/A,N/A,N/A,"W662+22 Carver, Massachusetts",(508) 866-5119
Alton Barnes,5.0,6,Carpenter,"197 Palmer Ave Unit #125, Falmouth, MA 02540",N/A,N/A,paintingproject.com,"H95J+74 Falmouth, Massachusetts",N/A
John Ricardo Hardwood Floors,3.7,6,Flooring store,"31 Sunrise Ave, Plymouth, MA 02360",N/A,N/A,N/A,"W9R7+5M Plymouth, Massachusetts",(508) 746-4796
Kahians Carpet One Floor & Home,4.5,4,Flooring store,"96 Long Pond Rd, Plymouth, MA 02360",N/A,N/A,kahianscarpetoneplymouth.com,"W8GV+XM Plymouth, Massachusetts",(508) 746-4670
Colonial Floors LLC,N/A,N/A,Wood floor installation service,"130 Rosary Ln D, Hyannis, MA 02601",N/A,N/A,colonialfloors.com,"MPCM+24 Hyannis, Barnstable, MA",(508) 364-2825
Shamrock Hardwood Floors,3.0,2,Floor refinishing service,"3 Clifton Dr, Kingston, MA 02364",N/A,N/A,N/A,"X6XX+F4 Kingston, Massachusetts",(781) 798-9381
A-1 WOOD FLOORS,N/A,N/A,Flooring contractor,"697 Tremont St, North Dighton, MA 02764",N/A,N/A,a1-woodfloors.com,"VV38+VF North Dighton, Dighton, MA",(508) 922-9300
FLOORS & WALLS,3.1,23,Flooring store,"379 Iyannough Rd, Hyannis, MA 02601",Located in: Airport Shopping Center,N/A,floorswalls.com,"MP78+3Q Hyannis, Barnstable, MA",(508) 419-6500
iKitchens Etc,4.7,32,Kitchen remodeler,"321 E Falmouth Hwy, East Falmouth, MA 02536",N/A,N/A,ikitchensetc.com,"HCHQ+C5 East Falmouth, Falmouth, MA",(508) 457-1530
Carpets of Cape Cod,4.1,28,Flooring store,"239 Barnstable Rd, Hyannis, MA 02601",N/A,N/A,carpetsofcapecod.com,"MP67+2W Hyannis, Barnstable, MA",(508) 775-4266
Hardwood Flooring Direct,N/A,N/A,Flooring store,"58 Corporate Park Dr #1140, Pembroke, MA 02359",N/A,N/A,N/A,"462J+JV Pembroke, Massachusetts",(781) 337-4155
C&M Floor Covering,5.0,N/A,Rug store,"474 Orchard St, New Bedford, MA 02744",N/A,N/A,candmfloorcovering.com,"J39C+RG New Bedford, Massachusetts",(508) 999-6018
