Wash Ashore Roof & Exterior Cleaning LLC,5.0,2,Pressure washing service,"75 Kiahs Way, East Sandwich, MA 02537",N/A,N/A,N/A,"PG8M+7R East Sandwich, Sandwich, MA",(508) 360-2720
Blue Wave House Wash,5.0,15,Pressure washing service,"10 Shaker Ln, East Falmouth, MA 02536",N/A,N/A,bluewavehousewash.com,"HC5P+RV East Falmouth, Falmouth, MA",(774) 298-0164
Time To Shine Power Washing & Window Cleaning,5.0,407,Pressure washing service,"1040 Reed Rd Unite 2B, Dartmouth, MA 02747",N/A,N/A,timetoshinepowerwashing.com,"MX77+WP Dartmouth, Massachusetts",(508) 685-5343
Preservation Pressure Wash,5.0,4,Pressure washing service,"15 Weeden Rd, Fairhaven, MA 02719",N/A,N/A,preservationpw.com,"J4VM+C2 Fairhaven, Massachusetts",(508) 718-7491
Revolution SoftWash,4.9,119,Pressure washing service,"1134 American Legion Hwy, Westport, MA 02790",N/A,N/A,revolutionsoftwash.com,"JWPW+55 Westport, Massachusetts",(888) 803-7482
A to Z Softwash,5.0,106,Pressure washing service,"79 11th St, Onset, MA 02558",N/A,N/A,atozroofclean.com,"P8WQ+J6 Onset, Wareham, MA",(508) 209-7795
Bay State Soft Wash,5.0,62,Pressure washing service,"160 Bedford St, Lakeville, MA 02347",N/A,N/A,baystatesoftwash.com,"V2CW+VR Lakeville, Massachusetts",(774) 259-3778
"Celtic Services, Inc Powerwashing",5.0,64,Pressure washing service,"121 Timber Ln Apt B, Marstons Mills, MA 02648",N/A,N/A,celticpowerwashing.com,"MJF9+CG Marstons Mills, Barnstable, MA",(508) 360-0755
Bill's Power Washing & Painting,5.0,6,Pressure washing service,"140 River Rd, New Bedford, MA 02745",N/A,N/A,billspowerwashingandpainting.com,"M3HJ+2V New Bedford, Massachusetts",(508) 207-6532
Coastal Power Washing,5.0,N/A,Pressure washing service,"4536 Acushnet Ave, New Bedford, MA 02745",N/A,N/A,N/A,"P3R4+7J New Bedford, Massachusetts",(617) 780-9337
Pro Wash Cape Cod,4.6,8,Pressure washing service,"23 Bowdoin Rd, Mashpee, MA 02649",N/A,N/A,prowashcapecod.com,"JGJQ+P8 Mashpee, Massachusetts",(774) 270-0449
Whaling City Pressure Washing,5.0,41,Pressure washing service,"1434 Sassaquin Ave, New Bedford, MA 02745",N/A,N/A,whalingcitypressurewashing.com,"P3P2+X8 New Bedford, Massachusetts",(508) 742-7489
The Powerwash Company,5.0,61,Pressure washing service,"851 Pleasant St, Raynham, MA 02767",N/A,N/A,thepowerwashco.com,"WXPF+FQ Raynham, Massachusetts",(508) 823-9274
SouthCoast Pressure Wash,5.0,16,Pressure washing service,"47 Wooley St, Fall River, MA 02724",N/A,N/A,southcoastpressurewas.com,"MRQP+FC Fall River, Massachusetts",(508) 567-4782
MV Expressions Painting,5.0,N/A,Painter,"10 Canterbury Ln, Vineyard Haven, MA 02568",N/A,N/A,N/A,"C9RR+R2 Vineyard Haven, Tisbury, MA",(508) 560-8492
Pontes Power Washing Service,5.0,12,Pressure washing service,"74 Foster St, Fall River, MA 02721",N/A,N/A,N/A,"MRQV+JC Fall River, Massachusetts",(508) 567-8910
Eagle Wash,4.0,8,Pressure washing service,"746 Main St, Osterville, MA 02655",N/A,N/A,eaglecapecod.com,"JJH8+6X Osterville, Barnstable, MA",(508) 428-0053
Big Boss Softwash,5.0,4,Pressure washing service,"82 Prudence Ln, Cotuit, MA 02635",N/A,N/A,bigbosscleans.com,"JHV8+77 Cotuit, Barnstable, MA",(774) 836-5545
Top Notch Window Cleaning,5.0,11,Window cleaning service,"197 Palmer Ave, Falmouth, MA 02540",Located in: 197 Palmer Ave LLC,N/A,topnotchwindowcleaning.net,"H95J+74 Falmouth, Massachusetts",(508) 540-0002
Flow Bros Pressure Washing,5.0,127,Pressure washing service,"7 Sawyer Pl, Plymouth, MA 02360",N/A,N/A,plymouthpressurewashing.com,"X87H+9Q Plymouth, Massachusetts",(617) 291-9792
New England Power Wash,4.2,5,Pressure washing service,"101 Sunset Dr, Raynham, MA 02767",N/A,N/A,vinylwash.com,"WX66+CW Raynham, Massachusetts",(508) 824-0761
One Stop Power Washing,4.3,6,Pressure washing service,"55 Treetop Way, Plymouth, MA 02360",N/A,N/A,onestoppainting.com,"RCPX+86 Plymouth, Massachusetts",(508) 888-3500
"All Washed Up, Inc.",3.7,3,Pressure washing service,"336 Weir St, Taunton, MA 02780",N/A,N/A,allwashedupinc.com,"VWV5+2R Taunton, Massachusetts",(508) 889-2411
Happy Dog Pressure Washing,N/A,N/A,Pressure washing service,"118 Great Neck Rd, Wareham, MA 02571",N/A,N/A,happydogpressurewashing.com,"P8R9+W8 Wareham, Massachusetts",(774) 263-4237
Street Appeal Pros: Eco-Safe Roof Cleaning & Power Washing,4.9,38,Pressure washing service,"139 Queen Anne Rd #1, Harwich, MA 02645",N/A,N/A,streetappealpros.com,"MVWX+W2 Harwich, Massachusetts",(888) 494-7767
Aquaflow power wash,5.0,6,Pressure washing service,"Pembroke, MA 02359",N/A,N/A,N/A,"359X+WX Pembroke, Massachusetts",(781) 829-3080
K W Power Washing & Painting,5.0,4,Painter,"15 Center St, Westport, MA 02790",N/A,N/A,N/A,"JWVM+VR Westport, Massachusetts",(508) 997-2892
Sparkling wash,N/A,N/A,Pressure washing service,"Marstons Mills, MA 02648",N/A,N/A,N/A,"MHCG+7G Marstons Mills, Barnstable, MA",(774) 208-2349
Shine Thru Inc,4.9,270,Window cleaning service,"4 Ricketts Pond Dr Unit 2, Carver, MA 02330",N/A,N/A,shinethruwindowcleaning.com,"W6VM+W8 Carver, Massachusetts",(781) 812-9189
Clearly Amazing,4.9,93,Window cleaning service,"110 Breeds Hill Rd #1, Hyannis, MA 02601",N/A,N/A,clearlyamazing.com,"MPJ5+XF Hyannis, Barnstable, MA",(508) 790-2020
Clearly Amazing,4.9,93,Window cleaning service,"110 Breeds Hill Rd #1, Hyannis, MA 02601",N/A,N/A,clearlyamazing.com,"MPJ5+XF Hyannis, Barnstable, MA",(508) 790-2020
South Coast Shingle Savers,5.0,18,Pressure washing service,"974 Faunce Corner Rd, Dartmouth, MA 02747",N/A,N/A,southcoastshinglesavers.org,"M2V5+M7 Dartmouth, Massachusetts",(855) 638-7191
Vineyard Car Detailing,5.0,54,Car detailing service,"19B Beach Rd, Vineyard Haven, MA 02568",N/A,N/A,vineyardcardetailing.com,"F93X+FR Vineyard Haven, Tisbury, MA",(773) 999-3133
QUIKShield,N/A,N/A,Painter,"56 Conduit St, New Bedford, MA 02745",N/A,N/A,N/A,"M3CG+CV New Bedford, Massachusetts",(508) 492-2675
Power Wash Inc,2.5,2,Car wash,"98 Lakeside Ave, North Dartmouth, MA 02747",N/A,N/A,N/A,"MX25+F7 North Dartmouth, Dartmouth, MA",(508) 999-0307
Cape Cod Cleaning Systems,5.0,9,Repair service,"49 N Main St #1, Carver, MA 02330",N/A,N/A,capecodcleaningsystems.com,"W57X+58 Carver, Massachusetts",(508) 947-0570
Alex's Car Detailing Marthas Vineyard,5.0,159,Car detailing service,"92 Moonstone Way, Vineyard Haven, MA 02568",N/A,N/A,acd-mv.com,"F94M+MW Vineyard Haven, Tisbury, MA",(774) 563-2155
Green Ocean Car Wash,4.6,101,Car wash,"187 Teaticket Hwy, East Falmouth, MA 02536",N/A,N/A,greenoceancarwash.com,"HC83+5V East Falmouth, Falmouth, MA",(774) 763-2701
Vineyard Car Detailing,5.0,N/A,Car detailing service,"236B Edgartown Rd, Edgartown, MA 02539",N/A,N/A,vineyardcardetailing.com,"C9VR+PQ Edgartown, Massachusetts",(773) 999-3133
Abbott Mobile Washing & Steam,4.0,2,Car wash,"35 Wheaton Ave, Rehoboth, MA 02769",N/A,N/A,N/A,"RP27+86 Rehoboth, Massachusetts",(508) 336-7020
Touchless Power Wash,4.0,36,Car wash,"1203 Dwelly St, Fall River, MA 02724",N/A,N/A,N/A,"MRMM+2J Fall River, Massachusetts",N/A
Clean My Roof LLC,4.7,16,Pressure washing service,"22 MA-28 Rear, West Harwich, MA 02671",N/A,N/A,cleanmyroofllc.com,"MV9H+RX West Harwich, Harwich, MA",(508) 394-3600
Shirleys True Value Hardware,4.5,58,Hardware store,"374 State Rd, Vineyard Haven, MA 02568",N/A,N/A,stores.truevalue.com,"C9WP+R3 Vineyard Haven, Tisbury, MA",(508) 693-3070
Aubuchon Hardware,4.6,270,Hardware store,"643 Teaticket Hwy, Teaticket, MA 02536",N/A,N/A,hardwarestore.com,"HCF8+GC Teaticket, Falmouth, MA",(508) 540-2746
Duchesney Window Washing,5.0,382,Window cleaning service,"49 Sundelin Way W, West Barnstable, MA 02668",N/A,N/A,duchesneywindowwashing.com,"MMR2+XG West Barnstable, Barnstable, MA",(508) 989-1353
"Spotless Window Cleaning, Inc.",5.0,13,Window cleaning service,"38 Brush Hill Rd, Yarmouth Port, MA 02675",N/A,N/A,spotlesswindowcleaningcapecod.com,"MQRF+95 Yarmouth Port, Yarmouth, MA",(508) 360-4052
Helena Painting LLC,5.0,35,Painter,"19 W Weir St, Taunton, MA 02780",N/A,N/A,helenapainting.com,"VVVX+3V Taunton, Massachusetts",(774) 218-3864
"Olde Cape Window Cleaning, Inc",5.0,17,Window cleaning service,"24 Carleton Ln, Centerville, MA 02632",N/A,N/A,oldecapewindowcleaning.com,"MJ7W+3F Centerville, Barnstable, MA",(774) 470-4609
Clear Choice Window Cleaning,5.0,58,Window cleaning service,"187 Hooppole Rd, Mashpee, MA 02649",N/A,N/A,clearchoicecapecod.com,"JFMF+2W Mashpee, Massachusetts",(508) 548-2345
All Clean Window Cleaning,5.0,2,Window cleaning service,"78 Center St, Fairhaven, MA 02719",N/A,N/A,N/A,"J4P2+J8 Fairhaven, Massachusetts",(508) 992-5828
Wash Ashore Roof & Exterior Cleaning LLC,5.0,2,Pressure washing service,"75 Kiahs Way, East Sandwich, MA 02537",N/A,N/A,N/A,"PG8M+7R East Sandwich, Sandwich, MA",(508) 360-2720
