Next Level Gutters,4.9,71,Gutter cleaning service,"16 Sconticut Neck Rd #205, Fairhaven, MA 02719",N/A,N/A,nextlevelgutters.com,"J4JG+JG Fairhaven, Massachusetts",(508) 690-0841
"Dartmouth Seamless Gutters, LLC",5.0,N/A,Building materials store,"6A Hathaway Rd, North Dartmouth, MA 02747",N/A,N/A,dartmouthseamless.com,"J2R9+29 North Dartmouth, Dartmouth, MA",(508) 817-3423
Alpha Seamless Gutter,5.0,10,Construction company,"35 Hathaway St, New Bedford, MA 02746",N/A,N/A,alphagutter.com,"M38G+9Q New Bedford, Massachusetts",(508) 496-5173
Marshall Building & Remodeling,4.8,20,Roofing contractor,"9 Middle St, South Dartmouth, MA 02748",N/A,N/A,marshallbuildingandremodeling.com,"H3Q6+62 South Dartmouth, Dartmouth, MA",(508) 979-8984
The Gutter Guy,4.7,15,Gutter cleaning service,"53 Clayton St, Attleboro, MA 02703",N/A,N/A,thegutterguyma.com,"WJ4P+RX Attleboro, Massachusetts",(508) 761-5512
April Seamless Gutters,4.9,15,Gutter cleaning service,"7 Hartwell Dr, East Falmouth, MA 02536",N/A,N/A,N/A,"HFG7+Q7 East Falmouth, Falmouth, MA",(508) 274-7438
Gutter Pro Enterprises,4.9,77,Gutter cleaning service,"190 S Meadow Rd, Plymouth, MA 02360",N/A,N/A,gutterpro.com,"W78F+PM Plymouth, Massachusetts",(508) 746-0400
Cape Cod Gutter Monkeys,4.8,71,Gutter cleaning service,"20 Evergreen Cir #1, Mashpee, MA 02649",N/A,N/A,capecodguttermonkeys.com,"MG53+86 Mashpee, Massachusetts",(508) 477-9100
JP GUTTER CLEANING AND SERVICES INC,5.0,52,Gutter cleaning service,"67 Langley St, Fall River, MA 02720",N/A,N/A,jpguttercleaningandservicesinc.com,"PVF4+3Q Fall River, Massachusetts",(617) 447-9175
Morecraft Seamless Gutters,5.0,42,Gutter cleaning service,"92 Rosary Ln STE 20, Hyannis, MA 02601",N/A,N/A,morecraftseamlessgutters.com,"MP9J+MW Hyannis, Barnstable, MA",(774) 487-0040
Gutter Pro Enterprises,5.0,17,Gutter cleaning service,"100 Independence Dr Suite 7-811, Hyannis, MA 02601",Located in: Park center,N/A,gutterpro.com,"MPC2+XM Hyannis, Barnstable, MA",(508) 465-2447
Cape Cod Gutters,4.7,71,Gutter service,"92 Rosary Ln Unit 3, Hyannis, MA 02601",N/A,N/A,capecodseamlessgutters.com,"MP9J+MV Hyannis, Barnstable, MA",(774) 470-5871
Cottrell Bros Inc.,4.3,11,Siding contractor,"360 Main St, Fairhaven, MA 02719",N/A,N/A,N/A,"M34R+WF Fairhaven, Massachusetts",(508) 999-1598
Seamless Gutters - Pro Gutter installers,3.0,N/A,Gutter cleaning service,"43 Bayview Ave, Swansea, MA 02777",N/A,N/A,thibeaulthomeimprovement.com,"PQGR+4G Swansea, Massachusetts",(774) 670-7242
B & G Gutters Inc,5.0,3,Gutter service,"2780 US-6 #20, Swansea, MA 02777",N/A,N/A,N/A,"QPG7+MF Swansea, Massachusetts",(508) 336-1818
Sam Karam & Sons General Contractors Inc,4.7,52,General contractor,"6A Hathaway Rd, Dartmouth, MA 02747",N/A,N/A,samkaramandsons.com,"J2R9+29 Dartmouth, Massachusetts",(508) 997-4746
Couto Construction,4.8,1370,Roofing contractor,"24 Ernest St, New Bedford, MA 02745",N/A,N/A,coutoconstruction.com,"M39G+R7 New Bedford, Massachusetts",(508) 501-8278
George Sebesta Renovations,5.0,N/A,General contractor,"8 Longmeadow Rd, Dartmouth, MA 02747",N/A,N/A,georgesebesta.com,"HXQX+53 Dartmouth, Massachusetts",(508) 889-5678
TopGuard Roofing Solutions,5.0,8,Roofing contractor,"6 Forge Rd, Westport, MA 02790",N/A,N/A,topguardroofing.net,"JWMW+GW Westport, Massachusetts",(774) 628-8202
Gibbs Roofing,4.9,15,Roofing contractor,"109 Main St, Acushnet, MA 02743",N/A,N/A,N/A,"M3MQ+5P Acushnet, Massachusetts",N/A
George Sebesta Renovations,5.0,N/A,General contractor,"8 Longmeadow Rd, Dartmouth, MA 02747",N/A,N/A,georgesebesta.com,"HXQX+53 Dartmouth, Massachusetts",(508) 889-5678
Weathertight Construction,4.8,4,Roofing contractor,"58 Frederick St, New Bedford, MA 02744",N/A,N/A,N/A,"J36R+3H New Bedford, Massachusetts",(508) 997-0844
Pristine Clean & Gutter,N/A,N/A,Gutter cleaning service,"6 Minot Ave, Wareham, MA 02571",N/A,N/A,N/A,"Q74W+9W Wareham, Massachusetts",(774) 417-2198
