Souza Brother Roofing and Construction,5.0,N/A,Roofing contractor,"14 Amvets Ave, Falmouth, MA 02540",N/A,N/A,souzabrothersconstruction.com,"H95R+H4 Falmouth, Massachusetts",(508) 524-4991
Miller's Pro Roofing & Siding,4.9,64,Siding contractor,"105 E Falmouth Hwy, East Falmouth, MA 02536",N/A,N/A,millersproroofingandsiding.com,"HCHJ+94 East Falmouth, Falmouth, MA",(774) 245-6455
Whaling City Roofing Repair,5.0,7,Roofing contractor,"21 Shell St, New Bedford, MA 02744",N/A,N/A,newbedfordroofrepair.com,"H3XQ+RR New Bedford, Massachusetts",(508) 643-8246
Stuart & Co LLC,3.5,4,Roofing contractor,"175 Teaticket Hwy #13, Teaticket, MA 02536",N/A,N/A,N/A,"HC74+W2 Teaticket, Falmouth, MA",(508) 457-6495
Lord Exteriors,4.7,57,Roofing contractor,"2 Leonard Dr, East Falmouth, MA 02536",N/A,N/A,lordexteriors.com,"HFQC+64 East Falmouth, Falmouth, MA",(508) 364-0715
Cape Cod Roofing and Siding,4.1,28,Roofing contractor,"111 Hathaway St, Wareham, MA 02571",N/A,N/A,capecodroof.com,"Q725+VM Wareham, Massachusetts",(508) 295-3562
Corey & Corey The Roofers,4.9,134,Roofing contractor,"27 Finway, Mashpee, MA 02649",N/A,N/A,coreyandcorey.com,"HG98+XH Mashpee, Massachusetts",(508) 775-8240
Weathertight Construction,4.8,4,Roofing contractor,"58 Frederick St, New Bedford, MA 02744",N/A,N/A,N/A,"J36R+3H New Bedford, Massachusetts",(508) 997-0844
"EAT Attic-Solution & Insulation's & Roofing Service East Falmouth, MA",N/A,N/A,Contractor,"401 Acapesket Rd, East Falmouth, MA 02536",N/A,N/A,N/A,"HC5H+44 East Falmouth, Falmouth, MA",(508) 290-3659
Boss roofing LLC,5.0,9,Roofing contractor,"78 Mill St, New Bedford, MA 02740",N/A,N/A,bossroofingma.com,"J3QC+56 New Bedford, Massachusetts",(774) 216-6080
Wise Construction,5.0,2,Construction company,"42 Washington Ave, Vineyard Haven, MA 02568",N/A,N/A,wiseconstructionmv.com,"CCVF+44 Vineyard Haven, Tisbury, MA",(774) 521-8118
LePage and Sons Roofing LLC,4.5,59,Roofing contractor,"953 Shawmut Ave, New Bedford, MA 02746",N/A,N/A,lepageandsonsroofing.com,"M352+RX New Bedford, Massachusetts",(508) 295-6483
New Look Roofers,5.0,2,Roofing contractor,"1466 Pleasant St, New Bedford, MA 02740",N/A,N/A,newlookroofers.com,"M32C+J3 New Bedford, Massachusetts",(774) 425-7656
First Class Roofing Inc,5.0,55,Roofing contractor,"12 Knoll Top Rd, Forestdale, MA 02644",N/A,N/A,firstclassroofinginc.com,N/A,(508) 596-9478
Breault Roofing,4.2,5,Roofing contractor,"110 Madeira Ave, New Bedford, MA 02745",N/A,N/A,breaultroofing.com,"M39F+6W New Bedford, Massachusetts",(508) 995-3047
"Diversified Roofing Systems, Inc.",4.8,6,Roofing contractor,"253 Cedar St, New Bedford, MA 02740",N/A,N/A,diversifiedroofingsystems.com,"J3V7+69 New Bedford, Massachusetts",(508) 999-6677
"LIONS Siding and Roofing Experts - Cape Cod, MA",5.0,86,Roofing contractor,"16 Robin Rd, Sandwich, MA 02563",N/A,N/A,roofinglions.com,"PGP6+VP Sandwich, Massachusetts",(857) 615-7187
J Bennette Roofing,5.0,2,Roofing contractor,"Phillips Rd, Sagamore Beach, MA 02562",N/A,N/A,jbennetteroofing.com,"QFPP+V3 Sagamore Beach, Bourne, MA",(781) 335-4311
Paul J Cazeault & Sons Roofing,N/A,N/A,Roofing contractor,"775 E Falmouth Hwy # 214, East Falmouth, MA 02536",Located in: The UPS Store,N/A,N/A,"HFH3+26 East Falmouth, Falmouth, MA",(508) 457-1141
Associate Roofing Inc,5.0,N/A,Roofing contractor,"Chilmark, MA 02535",N/A,N/A,associateroofing.com,N/A,(508) 645-3228
"MS Roofing Service & Dryer Vent Cleaning Services Pocasset, MA",4.6,8,Roofing contractor,"103 Barlows Landing Rd, Pocasset, MA 02559",N/A,N/A,N/A,"MCW3+4F Pocasset, Bourne, MA",(339) 244-8830
Blue Wave House Wash,5.0,15,Pressure washing service,"10 Shaker Ln, East Falmouth, MA 02536",N/A,N/A,bluewavehousewash.com,"HC5P+RV East Falmouth, Falmouth, MA",(774) 298-0164
M Duffany Builders,4.4,9,General contractor,"200 Palmer Ave, Falmouth, MA 02540",N/A,N/A,duffanybuilders.com,"H95H+8W Falmouth, Massachusetts",(508) 540-3625
L. Enos Restorations - Roofing - Renovations - Siding,5.0,2,Roofing contractor,"571 Thomas B Landers Rd, East Falmouth, MA 02536",N/A,N/A,N/A,"J98V+75 East Falmouth, Falmouth, MA",(508) 566-5255
Gibbs Roofing,4.9,15,Roofing contractor,"109 Main St, Acushnet, MA 02743",N/A,N/A,N/A,"M3MQ+5P Acushnet, Massachusetts",N/A
"AJL'S Attic Insulation & Roofing Services Inc, MA",4.8,4,Contractor,"177 Grinnell St, New Bedford, MA 02740",N/A,N/A,N/A,"J3GC+4G New Bedford, Massachusetts",(339) 232-7034
"Fraser Construction Company, Inc",4.7,27,Roofing contractor,"31 Bowdoin Rd, Mashpee, MA 02649",N/A,N/A,fraserccc.com,"JGJQ+H8 Mashpee, Massachusetts",(508) 428-2292
Santos Home Improvement Co Inc,3.5,2,Contractor,"480 Teaticket Hwy, Teaticket, MA 02536",N/A,N/A,N/A,"HCC6+99 Teaticket, Falmouth, MA",(508) 548-1217
Gibbs Roofing and Remodeling,N/A,N/A,Roofing contractor,"140 Perry Hill Rd, Acushnet, MA 02743",N/A,N/A,gibbsroofingcompany.com,"P45F+2H Acushnet, Massachusetts",(508) 287-9707
Mixteriors Roofing,N/A,N/A,Roofing contractor,"84 Faunce Corner Rd, Dartmouth, MA 02747",Located in: Faunce Corner Office Park,N/A,mixteriors.com,"J2X6+7C Dartmouth, Massachusetts",(970) 682-3207
"CPOP Attic Insulation & Roofing Services Inc, MA",N/A,N/A,Contractor,"26 Ryan St, New Bedford, MA 02740",N/A,N/A,N/A,"J3G5+P5 New Bedford, Massachusetts",(339) 220-8234
