Niche,Zip Code,Name,Instagram,Facebook,Credentials_Name,Credentials_Licence,Email,Phone
Roofing Contractor,02532,Coastal Roofing & Siding,,,Lucas Coelho,,,
Roofing Contractor,02532,Water Tight,https://www.thumbtack.com/websites/services/270680200105657404/instagram/redirect,https://www.thumbtack.com/websites/services/270680200105657404/facebook/redirect,Jorge Romero,,,
Roofing Contractor,02532,Forty one construction,https://www.thumbtack.com/websites/services/270680200105657404/instagram/redirect,https://www.thumbtack.com/websites/services/270680200105657404/facebook/redirect,Daniel Araújo,,,
Roofing Contractor,02532,Castro General Construction inc,https://www.thumbtack.com/websites/services/270680200105657404/instagram/redirect,https://www.thumbtack.com/websites/services/270680200105657404/facebook/redirect,Raul Castro,,,
Roofing Contractor,02532,PLJ CARPENTRY,https://www.thumbtack.com/websites/services/443564245344911363/instagram/redirect,https://www.thumbtack.com/websites/services/270680200105657404/facebook/redirect,Paulo Rodrigues Junior,,,
Roofing Contractor,02532,Sonic home improvement,https://www.thumbtack.com/websites/services/443564245344911363/instagram/redirect,https://www.thumbtack.com/websites/services/270680200105657404/facebook/redirect,Luis Guaman,,,
Roofing Contractor,02532,Castro construction Roofing and Siding,https://www.thumbtack.com/websites/services/443564245344911363/instagram/redirect,https://www.thumbtack.com/websites/services/270680200105657404/facebook/redirect,Jose Castro,,,
Roofing Contractor,02532,WRC Roofing Contractors LLC,https://www.thumbtack.com/websites/services/443564245344911363/instagram/redirect,https://www.thumbtack.com/websites/services/270680200105657404/facebook/redirect,Renata Magalhaes,,,
Roofing Contractor,02532,All-star home improvement inc,https://www.thumbtack.com/websites/services/443564245344911363/instagram/redirect,https://www.thumbtack.com/websites/services/270680200105657404/facebook/redirect,Luis Castro Guaman,Construction Supervisor (MA),,
Roofing Contractor,02532,Extreme Roofing & Home Solutions,https://www.thumbtack.com/websites/services/443564245344911363/instagram/redirect,https://www.thumbtack.com/websites/services/270680200105657404/facebook/redirect,Rosa Chuqui Loja,Construction Supervisor (MA),,
Roofing Contractor,02532,Compact Home Group,https://www.thumbtack.com/websites/services/507505643470135301/instagram/redirect,https://www.thumbtack.com/websites/services/270680200105657404/facebook/redirect,Francily Souza,Construction Supervisor (MA),,
Roofing Contractor,02532,R&L WHITMAN CONSTRUCTION INC,https://www.thumbtack.com/websites/services/507505643470135301/instagram/redirect,https://www.thumbtack.com/websites/services/270680200105657404/facebook/redirect,MARIA LOJA,Contractor - Residential (RI),,
Roofing Contractor,02532,Marine Home Improvement,https://www.thumbtack.com/websites/services/507505643470135301/instagram/redirect,https://www.thumbtack.com/websites/services/270680200105657404/facebook/redirect,Michel Trankels,Contractor - Residential (RI),,
Roofing Contractor,02532,Ma commercial roofing,https://www.thumbtack.com/websites/services/507505643470135301/instagram/redirect,https://www.thumbtack.com/websites/services/270680200105657404/facebook/redirect,Christopher Delmaro,Contractor - Residential (RI),,
Roofing Contractor,02532,victo carpentry inc,https://www.thumbtack.com/websites/services/507505643470135301/instagram/redirect,https://www.thumbtack.com/websites/services/270680200105657404/facebook/redirect,Donizete De Victo,Contractor - Residential (RI),,
Roofing Contractor,02532,,https://www.thumbtack.com/websites/services/507505643470135301/instagram/redirect,https://www.thumbtack.com/websites/services/270680200105657404/facebook/redirect,,,,
Roofing Contractor,02532,Yeshua construction inc,https://www.thumbtack.com/websites/services/507505643470135301/instagram/redirect,https://www.thumbtack.com/websites/services/270680200105657404/facebook/redirect,Lucas Silva,,,
Roofing Contractor,02532,JNR Association Metal Roofing Corp,https://www.thumbtack.com/websites/services/497051890271404035/instagram/redirect,https://www.thumbtack.com/websites/services/270680200105657404/facebook/redirect,Segundo Lema Castro,,,
Roofing Contractor,02532,Apex Built,https://www.thumbtack.com/websites/services/497051890271404035/instagram/redirect,https://www.thumbtack.com/websites/services/270680200105657404/facebook/redirect,Andre Coelho,,,
Roofing Contractor,02532,NJR Construction team,https://www.thumbtack.com/websites/services/497051890271404035/instagram/redirect,https://www.thumbtack.com/websites/services/270680200105657404/facebook/redirect,Neftali Reyes,,,
Roofing Contractor,02540,Coastal Roofing & Siding,,,Lucas Coelho,,,
Roofing Contractor,02540,Water Tight,https://www.thumbtack.com/websites/services/270680200105657404/instagram/redirect,https://www.thumbtack.com/websites/services/270680200105657404/facebook/redirect,Jorge Romero,,,
Roofing Contractor,02540,Forty one construction,,,Daniel Araújo,,,
Roofing Contractor,02536,Coastal Roofing & Siding,,,Lucas Coelho,,,
Roofing Contractor,02536,Water Tight,https://www.thumbtack.com/websites/services/270680200105657404/instagram/redirect,https://www.thumbtack.com/websites/services/270680200105657404/facebook/redirect,Jorge Romero,,,
Roofing Contractor,02536,Castro General Construction inc,,,Raul Castro,,,
Roofing Contractor,02536,Forty one construction,,,Daniel Araújo,,,
Roofing Contractor,02536,PLJ CARPENTRY,https://www.thumbtack.com/websites/services/443564245344911363/instagram/redirect,,Paulo Rodrigues Junior,,,
Roofing Contractor,02536,Sonic home improvement,,,Luis Guaman,,,
Roofing Contractor,02532,Coastal Roofing & Siding,,,Lucas Coelho,,,
Roofing Contractor,02532,Water Tight,https://www.thumbtack.com/websites/services/270680200105657404/instagram/redirect,https://www.thumbtack.com/websites/services/270680200105657404/facebook/redirect,Jorge Romero,,,
Roofing Contractor,02532,Forty one construction,,,Daniel Araújo,,,
Roofing Contractor,02540,Coastal Roofing & Siding,,,Lucas Coelho,,,
Roofing Contractor,02540,Water Tight,https://www.thumbtack.com/websites/services/270680200105657404/instagram/redirect,https://www.thumbtack.com/websites/services/270680200105657404/facebook/redirect,Jorge Romero,,,
Roofing Contractor,02540,Forty one construction,,,Daniel Araújo,,,
Roofing Contractor,02537,Coastal Roofing & Siding,,,Lucas Coelho,,,
Roofing Contractor,02537,PLJ CARPENTRY,https://www.thumbtack.com/websites/services/443564245344911363/instagram/redirect,,Paulo Rodrigues Junior,,,
Roofing Contractor,02537,Forty one construction,,,Daniel Araújo,,,
Roofing Contractor,02532,Castro General Construction inc,,,Raul Castro,,,
Roofing Contractor,02532,PLJ CARPENTRY,https://www.thumbtack.com/websites/services/443564245344911363/instagram/redirect,,Paulo Rodrigues Junior,,,
Roofing Contractor,02532,Sonic home improvement,,,Luis Guaman,,,
Roofing Contractor,02534,Coastal Roofing & Siding,,,Lucas Coelho,,,
Roofing Contractor,02534,Water Tight,https://www.thumbtack.com/websites/services/270680200105657404/instagram/redirect,https://www.thumbtack.com/websites/services/270680200105657404/facebook/redirect,Jorge Romero,,,
Roofing Contractor,02534,Forty one construction,,,Daniel Araújo,,,
Roofing Contractor,02537,Sonic home improvement,,,Luis Guaman,,,
Roofing Contractor,02537,Castro General Construction inc,,,Raul Castro,,,
Roofing Contractor,02537,Water Tight,https://www.thumbtack.com/websites/services/270680200105657404/instagram/redirect,https://www.thumbtack.com/websites/services/270680200105657404/facebook/redirect,Jorge Romero,,,
Roofing Contractor,02540,PLJ CARPENTRY,https://www.thumbtack.com/websites/services/443564245344911363/instagram/redirect,,Paulo Rodrigues Junior,,,
Roofing Contractor,02540,Castro General Construction inc,,,Raul Castro,,,
Roofing Contractor,02540,Sonic home improvement,,,Luis Guaman,,,
Roofing Contractor,02537,WRC Roofing Contractors LLC,,,Renata Magalhaes,,,
Roofing Contractor,02537,Castro construction Roofing and Siding,,,Jose Castro,,,
Roofing Contractor,02537,Extreme Roofing & Home Solutions,,,Rosa Chuqui Loja,,,
Roofing Contractor,02537,All-star home improvement inc,,,Luis Castro Guaman,Construction Supervisor (MA),,
Roofing Contractor,02537,victo carpentry inc,,,Donizete De Victo,,,
Roofing Contractor,02537,Ma commercial roofing,,,Christopher Delmaro,,,
Roofing Contractor,02537,Yeshua construction inc,,,Lucas Silva,,,
Roofing Contractor,02537,Compact Home Group,https://www.thumbtack.com/websites/services/507505643470135301/instagram/redirect,,Francily Souza,,,
Roofing Contractor,02537,R&L WHITMAN CONSTRUCTION INC,,,MARIA LOJA,Contractor - Residential (RI),,
Roofing Contractor,02537,Capizzi Home Improvement,,https://www.thumbtack.com/websites/services/520714186075357195/facebook/redirect,Thomas Capizzi,Construction Supervisor (MA),,
Roofing Contractor,02537,JNR Association Metal Roofing Corp,https://www.thumbtack.com/websites/services/497051890271404035/instagram/redirect,,Segundo Lema Castro,,,
Roofing Contractor,02537,Apex Built,,,Andre Coelho,,,
Roofing Contractor,02534,Castro General Construction inc,,,Raul Castro,,,
Roofing Contractor,02534,PLJ CARPENTRY,https://www.thumbtack.com/websites/services/443564245344911363/instagram/redirect,,Paulo Rodrigues Junior,,,
Roofing Contractor,02534,Sonic home improvement,,,Luis Guaman,,,
Roofing Contractor,02540,All-star home improvement inc,,,Luis Castro Guaman,Construction Supervisor (MA),,
Roofing Contractor,02540,R&L WHITMAN CONSTRUCTION INC,,,MARIA LOJA,Contractor - Residential (RI),,
Roofing Contractor,02540,Extreme Roofing & Home Solutions,,,Rosa Chuqui Loja,,,
Roofing Contractor,02532,Castro construction Roofing and Siding,,,Jose Castro,,,
Roofing Contractor,02532,WRC Roofing Contractors LLC,,,Renata Magalhaes,,,
Roofing Contractor,02532,All-star home improvement inc,,,Luis Castro Guaman,Construction Supervisor (MA),,
Roofing Contractor,02537,NJR Construction team,,,Neftali Reyes,,,
Roofing Contractor,02537,ProSquad Roofing,,,Christopher Chaffee,,,
Roofing Contractor,02537,Schmitz Construction LLC,,,Lucas Camilo,,,
Roofing Contractor,02536,Compact Home Group,https://www.thumbtack.com/websites/services/507505643470135301/instagram/redirect,,Francily Souza,,,
Roofing Contractor,02536,All-star home improvement inc,,,Luis Castro Guaman,Construction Supervisor (MA),,
Roofing Contractor,02536,Extreme Roofing & Home Solutions,,,Rosa Chuqui Loja,,,
Roofing Contractor,02536,R&L WHITMAN CONSTRUCTION INC,,,MARIA LOJA,Contractor - Residential (RI),,
Roofing Contractor,02536,Ma commercial roofing,,,Christopher Delmaro,,,
Roofing Contractor,02536,victo carpentry inc,,,Donizete De Victo,,,
Roofing Contractor,02536,Capizzi Home Improvement,,https://www.thumbtack.com/websites/services/520714186075357195/facebook/redirect,Thomas Capizzi,Construction Supervisor (MA),,
Roofing Contractor,02536,Yeshua construction inc,,,Lucas Silva,,,
Roofing Contractor,02536,JNR Association Metal Roofing Corp,https://www.thumbtack.com/websites/services/497051890271404035/instagram/redirect,,Segundo Lema Castro,,,
Roofing Contractor,02532,Extreme Roofing & Home Solutions,,,Rosa Chuqui Loja,,,
Roofing Contractor,02532,R&L WHITMAN CONSTRUCTION INC,,,MARIA LOJA,Contractor - Residential (RI),,
Roofing Contractor,02532,Compact Home Group,https://www.thumbtack.com/websites/services/507505643470135301/instagram/redirect,,Francily Souza,,,
Roofing Contractor,02537,Jason Ellis,,,Jason Ellis,,,
Roofing Contractor,02537,Reynolds Roofing,,https://www.thumbtack.com/websites/services/511313741518143499/facebook/redirect,Edward Reynolds,,,
Roofing Contractor,02537,Gs Garcia Custom Build,,,Rafael Garcia,,,
Roofing Contractor,02536,NJR Construction team,,,Neftali Reyes,,,
Roofing Contractor,02536,USA gutters inc,https://www.thumbtack.com/websites/services/506286835309805572/instagram/redirect,,Thiago Castro,,,
Roofing Contractor,02536,Apex Built,,,Andre Coelho,,,
Roofing Contractor,02541,Coastal Roofing & Siding,,,Lucas Coelho,,,
Roofing Contractor,02541,Forty one construction,,,Daniel Araújo,,,
Roofing Contractor,02541,Castro General Construction inc,,,Raul Castro,,,
Roofing Contractor,02540,Compact Home Group,https://www.thumbtack.com/websites/services/507505643470135301/instagram/redirect,,Francily Souza,,,
Roofing Contractor,02540,Ma commercial roofing,,,Christopher Delmaro,,,
Roofing Contractor,02540,Capizzi Home Improvement,,https://www.thumbtack.com/websites/services/520714186075357195/facebook/redirect,Thomas Capizzi,Construction Supervisor (MA),,
Roofing Contractor,02534,Castro construction Roofing and Siding,,,Jose Castro,,,
Roofing Contractor,02534,WRC Roofing Contractors LLC,,,Renata Magalhaes,,,
Roofing Contractor,02534,All-star home improvement inc,,,Luis Castro Guaman,Construction Supervisor (MA),,
Roofing Contractor,02534,Extreme Roofing & Home Solutions,,,Rosa Chuqui Loja,,,
Roofing Contractor,02534,Compact Home Group,https://www.thumbtack.com/websites/services/507505643470135301/instagram/redirect,,Francily Souza,,,
Roofing Contractor,02534,R&L WHITMAN CONSTRUCTION INC,,,MARIA LOJA,Contractor - Residential (RI),,
Marble & Granite,02532,SPACE COUNTERTOP INC,,,Weliton Reis,,,
Marble & Granite,02532,5 Star Granite Inc,https://www.thumbtack.com/websites/services/379528729807216648/instagram/redirect,https://www.thumbtack.com/websites/services/379528729807216648/facebook/redirect,Lucas Lopes,,,
Marble & Granite,02532,Apex Marble and Granite,,,Rodrigo Cruciol,,,
Marble & Granite,02540,SPACE COUNTERTOP INC,,,Weliton Reis,,,
Marble & Granite,02540,5 Star Granite Inc,https://www.thumbtack.com/websites/services/379528729807216648/instagram/redirect,https://www.thumbtack.com/websites/services/379528729807216648/facebook/redirect,Lucas Lopes,,,
Marble & Granite,02540,Apex Marble and Granite,,,Rodrigo Cruciol,,,
Marble & Granite,02532,Hormes Stone,https://www.thumbtack.com/websites/services/509591338717749262/instagram/redirect,,Roberto Hormes,,,
Marble & Granite,02532,Three Stone,https://www.thumbtack.com/websites/services/517628588242804736/instagram/redirect,,Carlos Oliveira,,,
Marble & Granite,02532,Onyx Marble and Granite,https://www.thumbtack.com/websites/services/467222827721031688/instagram/redirect,https://www.thumbtack.com/websites/services/467222827721031688/facebook/redirect,Poliana Moraes,,,
Marble & Granite,02537,SPACE COUNTERTOP INC,,,Weliton Reis,,,
Marble & Granite,02537,5 Star Granite Inc,https://www.thumbtack.com/websites/services/379528729807216648/instagram/redirect,https://www.thumbtack.com/websites/services/379528729807216648/facebook/redirect,Lucas Lopes,,,
Marble & Granite,02537,Hormes Stone,https://www.thumbtack.com/websites/services/509591338717749262/instagram/redirect,,Roberto Hormes,,,
Marble & Granite,02536,SPACE COUNTERTOP INC,,,Weliton Reis,,,
Marble & Granite,02536,5 Star Granite Inc,https://www.thumbtack.com/websites/services/379528729807216648/instagram/redirect,https://www.thumbtack.com/websites/services/379528729807216648/facebook/redirect,Lucas Lopes,,,
Marble & Granite,02536,Hormes Stone,https://www.thumbtack.com/websites/services/509591338717749262/instagram/redirect,,Roberto Hormes,,,
Marble & Granite,02534,SPACE COUNTERTOP INC,,,Weliton Reis,,,
Marble & Granite,02534,5 Star Granite Inc,https://www.thumbtack.com/websites/services/379528729807216648/instagram/redirect,https://www.thumbtack.com/websites/services/379528729807216648/facebook/redirect,Lucas Lopes,,,
Marble & Granite,02534,Apex Marble and Granite,,,Rodrigo Cruciol,,,
Marble & Granite,02537,Three Stone,https://www.thumbtack.com/websites/services/517628588242804736/instagram/redirect,,Carlos Oliveira,,,
Marble & Granite,02537,Onyx Marble and Granite,https://www.thumbtack.com/websites/services/467222827721031688/instagram/redirect,https://www.thumbtack.com/websites/services/467222827721031688/facebook/redirect,Poliana Moraes,,,
Marble & Granite,02537,TONYS PAINTING MV LLC,https://www.thumbtack.com/websites/services/360640858775502850/instagram/redirect,https://www.thumbtack.com/websites/services/360640858775502850/facebook/redirect,Otoniel Santos,,,
Marble & Granite,02540,Hormes Stone,https://www.thumbtack.com/websites/services/509591338717749262/instagram/redirect,,Roberto Hormes,,,
Marble & Granite,02540,Three Stone,https://www.thumbtack.com/websites/services/517628588242804736/instagram/redirect,,Carlos Oliveira,,,
Marble & Granite,02540,Onyx Marble and Granite,https://www.thumbtack.com/websites/services/467222827721031688/instagram/redirect,https://www.thumbtack.com/websites/services/467222827721031688/facebook/redirect,Poliana Moraes,,,
Marble & Granite,02536,Three Stone,https://www.thumbtack.com/websites/services/517628588242804736/instagram/redirect,,Carlos Oliveira,,,
Marble & Granite,02536,Onyx Marble and Granite,https://www.thumbtack.com/websites/services/467222827721031688/instagram/redirect,https://www.thumbtack.com/websites/services/467222827721031688/facebook/redirect,Poliana Moraes,,,
Marble & Granite,02536,TONYS PAINTING MV LLC,https://www.thumbtack.com/websites/services/360640858775502850/instagram/redirect,https://www.thumbtack.com/websites/services/360640858775502850/facebook/redirect,Otoniel Santos,,,
Marble & Granite,02532,TONYS PAINTING MV LLC,https://www.thumbtack.com/websites/services/360640858775502850/instagram/redirect,https://www.thumbtack.com/websites/services/360640858775502850/facebook/redirect,Otoniel Santos,,,
Marble & Granite,02534,Hormes Stone,https://www.thumbtack.com/websites/services/509591338717749262/instagram/redirect,,Roberto Hormes,,,
Marble & Granite,02534,Three Stone,https://www.thumbtack.com/websites/services/517628588242804736/instagram/redirect,,Carlos Oliveira,,,
Marble & Granite,02534,Onyx Marble and Granite,https://www.thumbtack.com/websites/services/467222827721031688/instagram/redirect,https://www.thumbtack.com/websites/services/467222827721031688/facebook/redirect,Poliana Moraes,,,
Marble & Granite,02534,TONYS PAINTING MV LLC,https://www.thumbtack.com/websites/services/360640858775502850/instagram/redirect,https://www.thumbtack.com/websites/services/360640858775502850/facebook/redirect,Otoniel Santos,,,
Marble & Granite,02542,SPACE COUNTERTOP INC,,,Weliton Reis,,,
Marble & Granite,02542,5 Star Granite Inc,https://www.thumbtack.com/websites/services/379528729807216648/instagram/redirect,https://www.thumbtack.com/websites/services/379528729807216648/facebook/redirect,Lucas Lopes,,,
Marble & Granite,02542,Apex Marble and Granite,,,Rodrigo Cruciol,,,
Marble & Granite,02540,TONYS PAINTING MV LLC,https://www.thumbtack.com/websites/services/360640858775502850/instagram/redirect,https://www.thumbtack.com/websites/services/360640858775502850/facebook/redirect,Otoniel Santos,,,
Marble & Granite,02542,Hormes Stone,https://www.thumbtack.com/websites/services/509591338717749262/instagram/redirect,,Roberto Hormes,,,
Marble & Granite,02542,Three Stone,https://www.thumbtack.com/websites/services/517628588242804736/instagram/redirect,,Carlos Oliveira,,,
Marble & Granite,02542,Onyx Marble and Granite,https://www.thumbtack.com/websites/services/467222827721031688/instagram/redirect,https://www.thumbtack.com/websites/services/467222827721031688/facebook/redirect,Poliana Moraes,,,
Marble & Granite,02542,TONYS PAINTING MV LLC,https://www.thumbtack.com/websites/services/360640858775502850/instagram/redirect,https://www.thumbtack.com/websites/services/360640858775502850/facebook/redirect,Otoniel Santos,,,
Marble & Granite,02559,SPACE COUNTERTOP INC,,,Weliton Reis,,,
Marble & Granite,02559,5 Star Granite Inc,https://www.thumbtack.com/websites/services/379528729807216648/instagram/redirect,https://www.thumbtack.com/websites/services/379528729807216648/facebook/redirect,Lucas Lopes,,,
Marble & Granite,02559,Apex Marble and Granite,,,Rodrigo Cruciol,,,
Marble & Granite,02541,SPACE COUNTERTOP INC,,,Weliton Reis,,,
Marble & Granite,02541,5 Star Granite Inc,https://www.thumbtack.com/websites/services/379528729807216648/instagram/redirect,https://www.thumbtack.com/websites/services/379528729807216648/facebook/redirect,Lucas Lopes,,,
Marble & Granite,02541,Apex Marble and Granite,,,Rodrigo Cruciol,,,
Marble & Granite,02559,Hormes Stone,https://www.thumbtack.com/websites/services/509591338717749262/instagram/redirect,,Roberto Hormes,,,
Marble & Granite,02559,Three Stone,https://www.thumbtack.com/websites/services/517628588242804736/instagram/redirect,,Carlos Oliveira,,,
Marble & Granite,02559,Onyx Marble and Granite,https://www.thumbtack.com/websites/services/467222827721031688/instagram/redirect,https://www.thumbtack.com/websites/services/467222827721031688/facebook/redirect,Poliana Moraes,,,
Marble & Granite,02559,TONYS PAINTING MV LLC,https://www.thumbtack.com/websites/services/360640858775502850/instagram/redirect,https://www.thumbtack.com/websites/services/360640858775502850/facebook/redirect,Otoniel Santos,,,
Marble & Granite,02543,SPACE COUNTERTOP INC,,,Weliton Reis,,,
Marble & Granite,02543,5 Star Granite Inc,https://www.thumbtack.com/websites/services/379528729807216648/instagram/redirect,https://www.thumbtack.com/websites/services/379528729807216648/facebook/redirect,Lucas Lopes,,,
Marble & Granite,02543,Hormes Stone,https://www.thumbtack.com/websites/services/509591338717749262/instagram/redirect,,Roberto Hormes,,,
Marble & Granite,02553,SPACE COUNTERTOP INC,,,Weliton Reis,,,
Marble & Granite,02553,5 Star Granite Inc,https://www.thumbtack.com/websites/services/379528729807216648/instagram/redirect,https://www.thumbtack.com/websites/services/379528729807216648/facebook/redirect,Lucas Lopes,,,
Marble & Granite,02553,Hormes Stone,https://www.thumbtack.com/websites/services/509591338717749262/instagram/redirect,,Roberto Hormes,,,
Marble & Granite,02543,Three Stone,https://www.thumbtack.com/websites/services/517628588242804736/instagram/redirect,,Carlos Oliveira,,,
Marble & Granite,02543,Onyx Marble and Granite,https://www.thumbtack.com/websites/services/467222827721031688/instagram/redirect,https://www.thumbtack.com/websites/services/467222827721031688/facebook/redirect,Poliana Moraes,,,
Marble & Granite,02543,TONYS PAINTING MV LLC,https://www.thumbtack.com/websites/services/360640858775502850/instagram/redirect,https://www.thumbtack.com/websites/services/360640858775502850/facebook/redirect,Otoniel Santos,,,
Marble & Granite,02561,SPACE COUNTERTOP INC,,,Weliton Reis,,,
Marble & Granite,02561,5 Star Granite Inc,https://www.thumbtack.com/websites/services/379528729807216648/instagram/redirect,https://www.thumbtack.com/websites/services/379528729807216648/facebook/redirect,Lucas Lopes,,,
Marble & Granite,02561,Apex Marble and Granite,,,Rodrigo Cruciol,,,
Marble & Granite,02562,SPACE COUNTERTOP INC,,,Weliton Reis,,,
Marble & Granite,02562,5 Star Granite Inc,https://www.thumbtack.com/websites/services/379528729807216648/instagram/redirect,https://www.thumbtack.com/websites/services/379528729807216648/facebook/redirect,Lucas Lopes,,,
Marble & Granite,02562,Apex Marble and Granite,,,Rodrigo Cruciol,,,
Marble & Granite,02556,SPACE COUNTERTOP INC,,,Weliton Reis,,,
Marble & Granite,02556,5 Star Granite Inc,https://www.thumbtack.com/websites/services/379528729807216648/instagram/redirect,https://www.thumbtack.com/websites/services/379528729807216648/facebook/redirect,Lucas Lopes,,,
Marble & Granite,02556,Hormes Stone,https://www.thumbtack.com/websites/services/509591338717749262/instagram/redirect,,Roberto Hormes,,,
Marble & Granite,02561,Hormes Stone,https://www.thumbtack.com/websites/services/509591338717749262/instagram/redirect,,Roberto Hormes,,,
Marble & Granite,02561,Three Stone,https://www.thumbtack.com/websites/services/517628588242804736/instagram/redirect,,Carlos Oliveira,,,
Marble & Granite,02561,Onyx Marble and Granite,https://www.thumbtack.com/websites/services/467222827721031688/instagram/redirect,https://www.thumbtack.com/websites/services/467222827721031688/facebook/redirect,Poliana Moraes,,,
Marble & Granite,02556,Three Stone,https://www.thumbtack.com/websites/services/517628588242804736/instagram/redirect,,Carlos Oliveira,,,
Marble & Granite,02556,Apex Marble and Granite,,,Rodrigo Cruciol,,,
Marble & Granite,02556,Onyx Marble and Granite,https://www.thumbtack.com/websites/services/467222827721031688/instagram/redirect,https://www.thumbtack.com/websites/services/467222827721031688/facebook/redirect,Poliana Moraes,,,
Marble & Granite,02562,Hormes Stone,https://www.thumbtack.com/websites/services/509591338717749262/instagram/redirect,,Roberto Hormes,,,
Marble & Granite,02562,Three Stone,https://www.thumbtack.com/websites/services/517628588242804736/instagram/redirect,,Carlos Oliveira,,,
Marble & Granite,02562,Onyx Marble and Granite,https://www.thumbtack.com/websites/services/467222827721031688/instagram/redirect,https://www.thumbtack.com/websites/services/467222827721031688/facebook/redirect,Poliana Moraes,,,
Marble & Granite,02561,TONYS PAINTING MV LLC,https://www.thumbtack.com/websites/services/360640858775502850/instagram/redirect,https://www.thumbtack.com/websites/services/360640858775502850/facebook/redirect,Otoniel Santos,,,
Marble & Granite,02562,TONYS PAINTING MV LLC,https://www.thumbtack.com/websites/services/360640858775502850/instagram/redirect,https://www.thumbtack.com/websites/services/360640858775502850/facebook/redirect,Otoniel Santos,,,
Marble & Granite,02553,Apex Marble and Granite,,,Rodrigo Cruciol,,,
Marble & Granite,02553,Three Stone,https://www.thumbtack.com/websites/services/517628588242804736/instagram/redirect,,Carlos Oliveira,,,
Marble & Granite,02553,Onyx Marble and Granite,https://www.thumbtack.com/websites/services/467222827721031688/instagram/redirect,https://www.thumbtack.com/websites/services/467222827721031688/facebook/redirect,Poliana Moraes,,,
Marble & Granite,02541,Hormes Stone,https://www.thumbtack.com/websites/services/509591338717749262/instagram/redirect,,Roberto Hormes,,,
Marble & Granite,02541,Three Stone,https://www.thumbtack.com/websites/services/517628588242804736/instagram/redirect,,Carlos Oliveira,,,
Marble & Granite,02541,Onyx Marble and Granite,https://www.thumbtack.com/websites/services/467222827721031688/instagram/redirect,https://www.thumbtack.com/websites/services/467222827721031688/facebook/redirect,Poliana Moraes,,,
Marble & Granite,02553,TONYS PAINTING MV LLC,https://www.thumbtack.com/websites/services/360640858775502850/instagram/redirect,https://www.thumbtack.com/websites/services/360640858775502850/facebook/redirect,Otoniel Santos,,,
Marble & Granite,02541,TONYS PAINTING MV LLC,https://www.thumbtack.com/websites/services/360640858775502850/instagram/redirect,https://www.thumbtack.com/websites/services/360640858775502850/facebook/redirect,Otoniel Santos,,,
Marble & Granite,02601,SPACE COUNTERTOP INC,,,Weliton Reis,,,
Marble & Granite,02601,5 Star Granite Inc,https://www.thumbtack.com/websites/services/379528729807216648/instagram/redirect,https://www.thumbtack.com/websites/services/379528729807216648/facebook/redirect,Lucas Lopes,,,
Marble & Granite,02601,Hormes Stone,https://www.thumbtack.com/websites/services/509591338717749262/instagram/redirect,,Roberto Hormes,,,
Marble & Granite,02574,SPACE COUNTERTOP INC,,,Weliton Reis,,,
Marble & Granite,02574,5 Star Granite Inc,https://www.thumbtack.com/websites/services/379528729807216648/instagram/redirect,https://www.thumbtack.com/websites/services/379528729807216648/facebook/redirect,Lucas Lopes,,,
Marble & Granite,02574,Hormes Stone,https://www.thumbtack.com/websites/services/509591338717749262/instagram/redirect,,Roberto Hormes,,,
Marble & Granite,02563,SPACE COUNTERTOP INC,,,Weliton Reis,,,
Marble & Granite,02563,5 Star Granite Inc,https://www.thumbtack.com/websites/services/379528729807216648/instagram/redirect,https://www.thumbtack.com/websites/services/379528729807216648/facebook/redirect,Lucas Lopes,,,
Marble & Granite,02563,Apex Marble and Granite,,,Rodrigo Cruciol,,,
Marble & Granite,02556,TONYS PAINTING MV LLC,https://www.thumbtack.com/websites/services/360640858775502850/instagram/redirect,https://www.thumbtack.com/websites/services/360640858775502850/facebook/redirect,Otoniel Santos,,,
Marble & Granite,02632,SPACE COUNTERTOP INC,,,Weliton Reis,,,
Marble & Granite,02632,5 Star Granite Inc,https://www.thumbtack.com/websites/services/379528729807216648/instagram/redirect,https://www.thumbtack.com/websites/services/379528729807216648/facebook/redirect,Lucas Lopes,,,
Marble & Granite,02632,Hormes Stone,https://www.thumbtack.com/websites/services/509591338717749262/instagram/redirect,,Roberto Hormes,,,
Marble & Granite,02632,Three Stone,https://www.thumbtack.com/websites/services/517628588242804736/instagram/redirect,,Carlos Oliveira,,,
Marble & Granite,02632,Onyx Marble and Granite,https://www.thumbtack.com/websites/services/467222827721031688/instagram/redirect,https://www.thumbtack.com/websites/services/467222827721031688/facebook/redirect,Poliana Moraes,,,
Marble & Granite,02630,SPACE COUNTERTOP INC,,,Weliton Reis,,,
Marble & Granite,02630,5 Star Granite Inc,https://www.thumbtack.com/websites/services/379528729807216648/instagram/redirect,https://www.thumbtack.com/websites/services/379528729807216648/facebook/redirect,Lucas Lopes,,,
Marble & Granite,02630,Hormes Stone,https://www.thumbtack.com/websites/services/509591338717749262/instagram/redirect,,Roberto Hormes,,,
Marble & Granite,02574,Apex Marble and Granite,,,Rodrigo Cruciol,,,
Marble & Granite,02574,Three Stone,https://www.thumbtack.com/websites/services/517628588242804736/instagram/redirect,,Carlos Oliveira,,,
Marble & Granite,02574,Onyx Marble and Granite,https://www.thumbtack.com/websites/services/467222827721031688/instagram/redirect,https://www.thumbtack.com/websites/services/467222827721031688/facebook/redirect,Poliana Moraes,,,
Marble & Granite,02563,Hormes Stone,https://www.thumbtack.com/websites/services/509591338717749262/instagram/redirect,,Roberto Hormes,,,
Marble & Granite,02563,Three Stone,https://www.thumbtack.com/websites/services/517628588242804736/instagram/redirect,,Carlos Oliveira,,,
Marble & Granite,02563,Onyx Marble and Granite,https://www.thumbtack.com/websites/services/467222827721031688/instagram/redirect,https://www.thumbtack.com/websites/services/467222827721031688/facebook/redirect,Poliana Moraes,,,
Marble & Granite,02630,Three Stone,https://www.thumbtack.com/websites/services/517628588242804736/instagram/redirect,,Carlos Oliveira,,,
Marble & Granite,02630,Onyx Marble and Granite,https://www.thumbtack.com/websites/services/467222827721031688/instagram/redirect,https://www.thumbtack.com/websites/services/467222827721031688/facebook/redirect,Poliana Moraes,,,
Marble & Granite,02633,SPACE COUNTERTOP INC,,,Weliton Reis,,,
Marble & Granite,02633,Hormes Stone,https://www.thumbtack.com/websites/services/509591338717749262/instagram/redirect,,Roberto Hormes,,,
Marble & Granite,02574,TONYS PAINTING MV LLC,https://www.thumbtack.com/websites/services/360640858775502850/instagram/redirect,https://www.thumbtack.com/websites/services/360640858775502850/facebook/redirect,Otoniel Santos,,,
Marble & Granite,02563,TONYS PAINTING MV LLC,https://www.thumbtack.com/websites/services/360640858775502850/instagram/redirect,https://www.thumbtack.com/websites/services/360640858775502850/facebook/redirect,Otoniel Santos,,,
Marble & Granite,02637,SPACE COUNTERTOP INC,,,Weliton Reis,,,
Marble & Granite,02637,5 Star Granite Inc,https://www.thumbtack.com/websites/services/379528729807216648/instagram/redirect,https://www.thumbtack.com/websites/services/379528729807216648/facebook/redirect,Lucas Lopes,,,
Marble & Granite,02637,Hormes Stone,https://www.thumbtack.com/websites/services/509591338717749262/instagram/redirect,,Roberto Hormes,,,
Marble & Granite,02638,5 Star Granite Inc,https://www.thumbtack.com/websites/services/379528729807216648/instagram/redirect,https://www.thumbtack.com/websites/services/379528729807216648/facebook/redirect,Lucas Lopes,,,
Marble & Granite,02638,SPACE COUNTERTOP INC,,,Weliton Reis,,,
Marble & Granite,02638,Hormes Stone,https://www.thumbtack.com/websites/services/509591338717749262/instagram/redirect,,Roberto Hormes,,,
Marble & Granite,02631,SPACE COUNTERTOP INC,,,Weliton Reis,,,
Marble & Granite,02631,5 Star Granite Inc,https://www.thumbtack.com/websites/services/379528729807216648/instagram/redirect,https://www.thumbtack.com/websites/services/379528729807216648/facebook/redirect,Lucas Lopes,,,
Marble & Granite,02631,Hormes Stone,https://www.thumbtack.com/websites/services/509591338717749262/instagram/redirect,,Roberto Hormes,,,
Marble & Granite,02634,SPACE COUNTERTOP INC,,,Weliton Reis,,,
Marble & Granite,02634,5 Star Granite Inc,https://www.thumbtack.com/websites/services/379528729807216648/instagram/redirect,https://www.thumbtack.com/websites/services/379528729807216648/facebook/redirect,Lucas Lopes,,,
Marble & Granite,02634,Hormes Stone,https://www.thumbtack.com/websites/services/509591338717749262/instagram/redirect,,Roberto Hormes,,,
Marble & Granite,02634,Onyx Marble and Granite,https://www.thumbtack.com/websites/services/467222827721031688/instagram/redirect,https://www.thumbtack.com/websites/services/467222827721031688/facebook/redirect,Poliana Moraes,,,
Marble & Granite,02634,Three Stone,https://www.thumbtack.com/websites/services/517628588242804736/instagram/redirect,,Carlos Oliveira,,,
Marble & Granite,02637,Three Stone,https://www.thumbtack.com/websites/services/517628588242804736/instagram/redirect,,Carlos Oliveira,,,
Marble & Granite,02639,SPACE COUNTERTOP INC,,,Weliton Reis,,,
Marble & Granite,02639,5 Star Granite Inc,https://www.thumbtack.com/websites/services/379528729807216648/instagram/redirect,https://www.thumbtack.com/websites/services/379528729807216648/facebook/redirect,Lucas Lopes,,,
Marble & Granite,02639,Hormes Stone,https://www.thumbtack.com/websites/services/509591338717749262/instagram/redirect,,Roberto Hormes,,,
Marble & Granite,02635,SPACE COUNTERTOP INC,,,Weliton Reis,,,
Marble & Granite,02635,5 Star Granite Inc,https://www.thumbtack.com/websites/services/379528729807216648/instagram/redirect,https://www.thumbtack.com/websites/services/379528729807216648/facebook/redirect,Lucas Lopes,,,
Marble & Granite,02635,Hormes Stone,https://www.thumbtack.com/websites/services/509591338717749262/instagram/redirect,,Roberto Hormes,,,
Marble & Granite,02643,SPACE COUNTERTOP INC,,,Weliton Reis,,,
Marble & Granite,02643,Hormes Stone,https://www.thumbtack.com/websites/services/509591338717749262/instagram/redirect,,Roberto Hormes,,,
Marble & Granite,02635,Three Stone,https://www.thumbtack.com/websites/services/517628588242804736/instagram/redirect,,Carlos Oliveira,,,
Marble & Granite,02635,Onyx Marble and Granite,https://www.thumbtack.com/websites/services/467222827721031688/instagram/redirect,https://www.thumbtack.com/websites/services/467222827721031688/facebook/redirect,Poliana Moraes,,,
Marble & Granite,02641,SPACE COUNTERTOP INC,,,Weliton Reis,,,
Marble & Granite,02641,5 Star Granite Inc,https://www.thumbtack.com/websites/services/379528729807216648/instagram/redirect,https://www.thumbtack.com/websites/services/379528729807216648/facebook/redirect,Lucas Lopes,,,
Marble & Granite,02641,Hormes Stone,https://www.thumbtack.com/websites/services/509591338717749262/instagram/redirect,,Roberto Hormes,,,
Marble & Granite,02646,SPACE COUNTERTOP INC,,,Weliton Reis,,,
Marble & Granite,02646,Hormes Stone,https://www.thumbtack.com/websites/services/509591338717749262/instagram/redirect,,Roberto Hormes,,,
Marble & Granite,02645,SPACE COUNTERTOP INC,,,Weliton Reis,,,
Marble & Granite,02645,Hormes Stone,https://www.thumbtack.com/websites/services/509591338717749262/instagram/redirect,,Roberto Hormes,,,
Marble & Granite,02644,SPACE COUNTERTOP INC,,,Weliton Reis,,,
Marble & Granite,02648,SPACE COUNTERTOP INC,,,Weliton Reis,,,
Marble & Granite,02648,5 Star Granite Inc,https://www.thumbtack.com/websites/services/379528729807216648/instagram/redirect,https://www.thumbtack.com/websites/services/379528729807216648/facebook/redirect,Lucas Lopes,,,
Marble & Granite,02648,Hormes Stone,https://www.thumbtack.com/websites/services/509591338717749262/instagram/redirect,,Roberto Hormes,,,
Marble & Granite,02648,Three Stone,https://www.thumbtack.com/websites/services/517628588242804736/instagram/redirect,,Carlos Oliveira,,,
Marble & Granite,02648,Onyx Marble and Granite,https://www.thumbtack.com/websites/services/467222827721031688/instagram/redirect,https://www.thumbtack.com/websites/services/467222827721031688/facebook/redirect,Poliana Moraes,,,
Marble & Granite,02649,SPACE COUNTERTOP INC,,,Weliton Reis,,,
Marble & Granite,02649,5 Star Granite Inc,https://www.thumbtack.com/websites/services/379528729807216648/instagram/redirect,https://www.thumbtack.com/websites/services/379528729807216648/facebook/redirect,Lucas Lopes,,,
Marble & Granite,02649,Hormes Stone,https://www.thumbtack.com/websites/services/509591338717749262/instagram/redirect,,Roberto Hormes,,,
Marble & Granite,02649,Three Stone,https://www.thumbtack.com/websites/services/517628588242804736/instagram/redirect,,Carlos Oliveira,,,
Marble & Granite,02649,Onyx Marble and Granite,https://www.thumbtack.com/websites/services/467222827721031688/instagram/redirect,https://www.thumbtack.com/websites/services/467222827721031688/facebook/redirect,Poliana Moraes,,,
Marble & Granite,02653,SPACE COUNTERTOP INC,,,Weliton Reis,,,
Marble & Granite,02653,Hormes Stone,https://www.thumbtack.com/websites/services/509591338717749262/instagram/redirect,,Roberto Hormes,,,
Marble & Granite,02655,SPACE COUNTERTOP INC,,,Weliton Reis,,,
Marble & Granite,02655,5 Star Granite Inc,https://www.thumbtack.com/websites/services/379528729807216648/instagram/redirect,https://www.thumbtack.com/websites/services/379528729807216648/facebook/redirect,Lucas Lopes,,,
Marble & Granite,02655,Hormes Stone,https://www.thumbtack.com/websites/services/509591338717749262/instagram/redirect,,Roberto Hormes,,,
Marble & Granite,02651,SPACE COUNTERTOP INC,,,Weliton Reis,,,
Marble & Granite,02651,5 Star Granite Inc,https://www.thumbtack.com/websites/services/379528729807216648/instagram/redirect,https://www.thumbtack.com/websites/services/379528729807216648/facebook/redirect,Lucas Lopes,,,
Marble & Granite,02651,Hormes Stone,https://www.thumbtack.com/websites/services/509591338717749262/instagram/redirect,,Roberto Hormes,,,
Marble & Granite,02659,SPACE COUNTERTOP INC,,,Weliton Reis,,,
Marble & Granite,02659,Hormes Stone,https://www.thumbtack.com/websites/services/509591338717749262/instagram/redirect,,Roberto Hormes,,,
Marble & Granite,02650,SPACE COUNTERTOP INC,,,Weliton Reis,,,
Marble & Granite,02657,SPACE COUNTERTOP INC,,,Weliton Reis,,,
Marble & Granite,02657,5 Star Granite Inc,https://www.thumbtack.com/websites/services/379528729807216648/instagram/redirect,https://www.thumbtack.com/websites/services/379528729807216648/facebook/redirect,Lucas Lopes,,,
Marble & Granite,02657,Fresh Countertop,https://www.thumbtack.com/websites/services/476752649402204173/instagram/redirect,https://www.thumbtack.com/websites/services/476752649402204173/facebook/redirect,Virgilio Candelario,,,
Marble & Granite,02657,Three Stone,https://www.thumbtack.com/websites/services/517628588242804736/instagram/redirect,,Carlos Oliveira,,,
Marble & Granite,02657,Hormes Stone,https://www.thumbtack.com/websites/services/509591338717749262/instagram/redirect,,Roberto Hormes,,,
Marble & Granite,02657,Onyx Marble and Granite,https://www.thumbtack.com/websites/services/467222827721031688/instagram/redirect,https://www.thumbtack.com/websites/services/467222827721031688/facebook/redirect,Poliana Moraes,,,
Marble & Granite,02660,SPACE COUNTERTOP INC,,,Weliton Reis,,,
Marble & Granite,02660,5 Star Granite Inc,https://www.thumbtack.com/websites/services/379528729807216648/instagram/redirect,https://www.thumbtack.com/websites/services/379528729807216648/facebook/redirect,Lucas Lopes,,,
Marble & Granite,02660,Hormes Stone,https://www.thumbtack.com/websites/services/509591338717749262/instagram/redirect,,Roberto Hormes,,,
Marble & Granite,02662,SPACE COUNTERTOP INC,,,Weliton Reis,,,
Marble & Granite,02662,Hormes Stone,https://www.thumbtack.com/websites/services/509591338717749262/instagram/redirect,,Roberto Hormes,,,
Marble & Granite,02660,SPACE COUNTERTOP INC,,,Weliton Reis,,,
Marble & Granite,02660,5 Star Granite Inc,https://www.thumbtack.com/websites/services/379528729807216648/instagram/redirect,https://www.thumbtack.com/websites/services/379528729807216648/facebook/redirect,Lucas Lopes,,,
Marble & Granite,02660,Hormes Stone,https://www.thumbtack.com/websites/services/509591338717749262/instagram/redirect,,Roberto Hormes,,,
Marble & Granite,02661,SPACE COUNTERTOP INC,,,Weliton Reis,,,
Marble & Granite,02661,Hormes Stone,https://www.thumbtack.com/websites/services/509591338717749262/instagram/redirect,,Roberto Hormes,,,
Marble & Granite,02650,SPACE COUNTERTOP INC,,,Weliton Reis,,,
Marble & Granite,02650,Hormes Stone,https://www.thumbtack.com/websites/services/509591338717749262/instagram/redirect,,Roberto Hormes,,,
Marble & Granite,02652,SPACE COUNTERTOP INC,,,Weliton Reis,,,
Marble & Granite,02652,5 Star Granite Inc,https://www.thumbtack.com/websites/services/379528729807216648/instagram/redirect,https://www.thumbtack.com/websites/services/379528729807216648/facebook/redirect,Lucas Lopes,,,
Marble & Granite,02652,Three Stone,https://www.thumbtack.com/websites/services/517628588242804736/instagram/redirect,,Carlos Oliveira,,,
Marble & Granite,02666,SPACE COUNTERTOP INC,,,Weliton Reis,,,
Marble & Granite,02666,5 Star Granite Inc,https://www.thumbtack.com/websites/services/379528729807216648/instagram/redirect,https://www.thumbtack.com/websites/services/379528729807216648/facebook/redirect,Lucas Lopes,,,
Marble & Granite,02666,Hormes Stone,https://www.thumbtack.com/websites/services/509591338717749262/instagram/redirect,,Roberto Hormes,,,
Marble & Granite,02664,SPACE COUNTERTOP INC,,,Weliton Reis,,,
Marble & Granite,02664,5 Star Granite Inc,https://www.thumbtack.com/websites/services/379528729807216648/instagram/redirect,https://www.thumbtack.com/websites/services/379528729807216648/facebook/redirect,Lucas Lopes,,,
Marble & Granite,02664,Hormes Stone,https://www.thumbtack.com/websites/services/509591338717749262/instagram/redirect,,Roberto Hormes,,,
Marble & Granite,02652,Hormes Stone,https://www.thumbtack.com/websites/services/509591338717749262/instagram/redirect,,Roberto Hormes,,,
Marble & Granite,02652,Onyx Marble and Granite,https://www.thumbtack.com/websites/services/467222827721031688/instagram/redirect,https://www.thumbtack.com/websites/services/467222827721031688/facebook/redirect,Poliana Moraes,,,
Marble & Granite,02663,SPACE COUNTERTOP INC,,,Weliton Reis,,,
Marble & Granite,02663,5 Star Granite Inc,https://www.thumbtack.com/websites/services/379528729807216648/instagram/redirect,https://www.thumbtack.com/websites/services/379528729807216648/facebook/redirect,Lucas Lopes,,,
Marble & Granite,02663,Hormes Stone,https://www.thumbtack.com/websites/services/509591338717749262/instagram/redirect,,Roberto Hormes,,,
Marble & Granite,02670,SPACE COUNTERTOP INC,,,Weliton Reis,,,
Marble & Granite,02670,5 Star Granite Inc,https://www.thumbtack.com/websites/services/379528729807216648/instagram/redirect,https://www.thumbtack.com/websites/services/379528729807216648/facebook/redirect,Lucas Lopes,,,
Marble & Granite,02670,Hormes Stone,https://www.thumbtack.com/websites/services/509591338717749262/instagram/redirect,,Roberto Hormes,,,
Marble & Granite,02668,SPACE COUNTERTOP INC,,,Weliton Reis,,,
Marble & Granite,02668,5 Star Granite Inc,https://www.thumbtack.com/websites/services/379528729807216648/instagram/redirect,https://www.thumbtack.com/websites/services/379528729807216648/facebook/redirect,Lucas Lopes,,,
Marble & Granite,02668,Hormes Stone,https://www.thumbtack.com/websites/services/509591338717749262/instagram/redirect,,Roberto Hormes,,,
Marble & Granite,02667,SPACE COUNTERTOP INC,,,Weliton Reis,,,
Marble & Granite,02667,5 Star Granite Inc,https://www.thumbtack.com/websites/services/379528729807216648/instagram/redirect,https://www.thumbtack.com/websites/services/379528729807216648/facebook/redirect,Lucas Lopes,,,
Marble & Granite,02667,Three Stone,https://www.thumbtack.com/websites/services/517628588242804736/instagram/redirect,,Carlos Oliveira,,,
Marble & Granite,02667,Hormes Stone,https://www.thumbtack.com/websites/services/509591338717749262/instagram/redirect,,Roberto Hormes,,,
