City,State,Niche,Business Name,Business Address,Business Phone,Business Number,Business Management,Business Categories
Acton,MA,Roofing,Menezes,(978) 321-2441,,Roofing Contractors,https://mdxroofing.com,https://www.facebook.com/mdxroofing
Abington,MA,Roofing,Joseph Emery,(781) 878-3389,,General Contractor,https://www.porch.com/abington-ma/general-contractors/emery-contracting-1/pp,https://www.facebook.com/emerycontracting1/
Accord,MA,Roofing,J. O'Brien,"(781) 631-9720, (603) 435-2222, (781) 829-2222","49 Whiting St, Hingham, MA 02043-3820",Siding Contractors,https://www.guildquality.com/cr/MasterCraft/CJ3518013984CAX/,https://www.facebook.com/MasterCraftRoofingSidingWindows
Acton,MA,Roofing,Dana Wise,(978) 601-5918,,Roofing Contractors,https://www.manta.com/c/mhxvq42/wise-roofing-llc,https://www.facebook.com/pages/Wise-Roofing/114876962186103
Abington,MA,Roofing,Densmore,(781) 878-6787,,Home Improvement,http://www.homeadvisor.com/rated.CTCInteriorsInc.47541908.html,https://www.facebook.com/BBBUpstateNY/
Accord,MA,Roofing,,(781) 659-1444,,Roofing Contractors,,https://www.facebook.com/BBBUpstateNY/
Acton,MA,Roofing,Melon,"(978) 857-5274, (978) 263-0419",,Home Improvement,,https://www.facebook.com/ChicagoBBB/
Accord,MA,Roofing,Hersey,(781) 985-5489,,General Contractor,https://g.page/hersey-contracting?share,https://www.facebook.com/BBBUpstateNY/
Abington,MA,Roofing,Joseph Emery,(781) 878-3389,,General Contractor,https://www.porch.com/abington-ma/general-contractors/emery-contracting-1/pp,https://www.facebook.com/emerycontracting1/
Acton,MA,Roofing,R Morey,"(978) 667-2865, (978) 413-3306, (978) 423-3347",,Building Contractors,https://www.moreybrothers.com/,https://www.facebook.com/ChicagoBBB/
Accord,MA,Roofing,Witt,(781) 871-9693,,Building Contractors,https://porch.com/rockland-ma/general-contractors/dependable-building-and-remodeling/pp,https://www.facebook.com/Dependable-Building-and-Remodeling-542942452576053/
Abington,MA,Roofing,Anthony,"(781) 347-3912, (781) 347-3135",,General Contractor,https://www.yelp.com/biz/anthonys-construction-roofing-corp-weymouth-3,https://www.facebook.com/anthonysconstroofing/
Acton,MA,Roofing,Resendes,(978) 315-0505,,Roofing Contractors,,https://www.facebook.com/ChicagoBBB/
Acushnet,MA,Roofing,Jamey Branson,(316) 202-6521,"25303 S Willison Rd, Mount Hope, KS 67108-9666",Roofing Contractors,https://www.pinelux.com/,https://www.facebook.com/Pinelux-Exteriors-118635436639198
